{"cameraMode":{"drawMode":0,"name":"Shaded","section":"Shading Mode"},"sceneLighting":true,"audioPlay":false,"sceneViewState":{"showFog":true,"showMaterialUpdate":false,"showSkybox":true,"showFlares":true,"showImageEffects":true,"showParticleSystems":true},"in2DMode":false,"pivot":{"x":10.065277099609375,"y":0.48421263694763186,"z":-0.4260063171386719},"rotation":{"x":0.16550709307193757,"y":0.15354353189468385,"z":-0.025988737121224405,"w":0.973936915397644},"size":12.497464179992676,"orthographic":false}