{"cameraMode":{"drawMode":0,"name":"Shaded","section":"Shading Mode"},"sceneLighting":true,"audioPlay":false,"sceneViewState":{"showFog":true,"showMaterialUpdate":false,"showSkybox":true,"showFlares":true,"showImageEffects":true,"showParticleSystems":true},"in2DMode":false,"pivot":{"x":26.491573333740236,"y":29.46999740600586,"z":-4.543178558349609},"rotation":{"x":0.02845780737698078,"y":0.16157571971416474,"z":-0.004496007692068815,"w":0.9865030646324158},"size":88.14839172363281,"orthographic":false}