{"cameraMode":{"drawMode":0,"name":"Shaded","section":"Shading Mode"},"sceneLighting":true,"audioPlay":false,"sceneViewState":{"showFog":true,"showMaterialUpdate":false,"showSkybox":true,"showFlares":true,"showImageEffects":true,"showParticleSystems":true},"in2DMode":false,"pivot":{"x":7.408356666564941,"y":0.3808032274246216,"z":1.4076015949249268},"rotation":{"x":0.16538146138191224,"y":0.08898784220218659,"z":-0.014907918870449067,"w":0.9821681380271912},"size":10.045802116394043,"orthographic":false}