{"cameraMode":{"drawMode":0,"name":"Shaded","section":"Shading Mode"},"sceneLighting":true,"audioPlay":false,"sceneViewState":{"showFog":true,"showMaterialUpdate":false,"showSkybox":true,"showFlares":true,"showImageEffects":true,"showParticleSystems":true},"in2DMode":false,"pivot":{"x":7.177273750305176,"y":-2.130581855773926,"z":5.255094051361084},"rotation":{"x":0.2391890287399292,"y":0.3111892640590668,"z":-0.08116032183170319,"w":0.9163234829902649},"size":31.745555877685548,"orthographic":false}