{"cameraMode":{"drawMode":0,"name":"Shaded","section":"Shading Mode"},"sceneLighting":true,"audioPlay":false,"sceneViewState":{"showFog":true,"showMaterialUpdate":false,"showSkybox":true,"showFlares":true,"showImageEffects":true,"showParticleSystems":true},"in2DMode":false,"pivot":{"x":16.83428192138672,"y":1.2419118881225587,"z":-2.1754398345947267},"rotation":{"x":0.18490570783615113,"y":-0.3192000985145569,"z":0.06363785266876221,"w":0.9273440837860107},"size":37.79417419433594,"orthographic":false}