{"cameraMode":{"drawMode":0,"name":"Shaded","section":"Shading Mode"},"sceneLighting":true,"audioPlay":false,"sceneViewState":{"showFog":true,"showMaterialUpdate":false,"showSkybox":true,"showFlares":true,"showImageEffects":true,"showParticleSystems":true},"in2DMode":false,"pivot":{"x":-190.67071533203126,"y":-148.47903442382813,"z":-451.70684814453127},"rotation":{"x":-0.004838117863982916,"y":0.9303178787231445,"z":-0.3665308952331543,"w":-0.012279932387173176},"size":65.52893829345703,"orthographic":false}