{"cameraMode":{"drawMode":0,"name":"Shaded","section":"Shading Mode"},"sceneLighting":true,"audioPlay":false,"sceneViewState":{"showFog":true,"showMaterialUpdate":false,"showSkybox":true,"showFlares":true,"showImageEffects":true,"showParticleSystems":true},"in2DMode":false,"pivot":{"x":-42.91360092163086,"y":-0.4246537387371063,"z":-4.924440383911133},"rotation":{"x":-0.2528439164161682,"y":-0.09213542938232422,"z":0.02419714443385601,"w":-0.9628161191940308},"size":22.8071231842041,"orthographic":false}