{"cameraMode":{"drawMode":0,"name":"Shaded","section":"Shading Mode"},"sceneLighting":true,"audioPlay":false,"sceneViewState":{"showFog":true,"showMaterialUpdate":false,"showSkybox":true,"showFlares":true,"showImageEffects":true,"showParticleSystems":true},"in2DMode":false,"pivot":{"x":11.42585563659668,"y":135.36270141601563,"z":-333.21795654296877},"rotation":{"x":0.4390184283256531,"y":0.0008010984747670591,"z":-0.00040648659341968596,"w":0.8984935283660889},"size":38.83158493041992,"orthographic":true}