{"cameraMode":{"drawMode":0,"name":"Shaded","section":"Shading Mode"},"sceneLighting":true,"audioPlay":false,"sceneViewState":{"showFog":true,"showMaterialUpdate":false,"showSkybox":true,"showFlares":true,"showImageEffects":true,"showParticleSystems":true},"in2DMode":false,"pivot":{"x":-33.37715530395508,"y":-1.582354187965393,"z":-1.3843433856964112},"rotation":{"x":0.09182403981685639,"y":0.09552162885665894,"z":-0.009553271345794201,"w":0.9912223219871521},"size":25.014568328857423,"orthographic":false}