{"cameraMode":{"drawMode":0,"name":"Shaded","section":"Shading Mode"},"sceneLighting":true,"audioPlay":false,"sceneViewState":{"showFog":true,"showMaterialUpdate":false,"showSkybox":true,"showFlares":true,"showImageEffects":true,"showParticleSystems":true},"in2DMode":false,"pivot":{"x":63.53314971923828,"y":1.4823954105377198,"z":33.47216796875},"rotation":{"x":-0.06822627782821655,"y":0.17062954604625703,"z":0.01183988619595766,"w":0.9829205274581909},"size":6.499042510986328,"orthographic":false}