{"cameraMode":{"drawMode":0,"name":"Shaded","section":"Shading Mode"},"sceneLighting":true,"audioPlay":false,"sceneViewState":{"showFog":true,"showMaterialUpdate":false,"showSkybox":true,"showFlares":true,"showImageEffects":true,"showParticleSystems":true},"in2DMode":false,"pivot":{"x":-34.27942657470703,"y":3.5747992992401125,"z":-1.6146392822265626},"rotation":{"x":-0.2098308503627777,"y":-0.12950775027275086,"z":0.02806955762207508,"w":-0.9687344431877136},"size":30.955913543701173,"orthographic":false}