{"cameraMode":{"drawMode":0,"name":"Shaded","section":"Shading Mode"},"sceneLighting":true,"audioPlay":false,"sceneViewState":{"showFog":true,"showMaterialUpdate":false,"showSkybox":true,"showFlares":true,"showImageEffects":true,"showParticleSystems":true},"in2DMode":false,"pivot":{"x":-33.603458404541019,"y":2.094097375869751,"z":18.02510643005371},"rotation":{"x":-0.09095386415719986,"y":-0.42578205466270449,"z":0.04307885840535164,"w":-0.8992348909378052},"size":46.98640060424805,"orthographic":false}