{"cameraMode":{"drawMode":0,"name":"Shaded","section":"Shading Mode"},"sceneLighting":true,"audioPlay":false,"sceneViewState":{"showFog":true,"showMaterialUpdate":false,"showSkybox":true,"showFlares":true,"showImageEffects":true,"showParticleSystems":true},"in2DMode":false,"pivot":{"x":110.92962646484375,"y":1.9299590587615967,"z":-310.5210266113281},"rotation":{"x":0.24760353565216065,"y":-0.1578371673822403,"z":0.04204043745994568,"w":0.9552420973777771},"size":82.90780639648438,"orthographic":false}