{"cameraMode":{"drawMode":0,"name":"Shaded","section":"Shading Mode"},"sceneLighting":true,"audioPlay":false,"sceneViewState":{"showFog":true,"showMaterialUpdate":false,"showSkybox":true,"showFlares":true,"showImageEffects":true,"showParticleSystems":true},"in2DMode":false,"pivot":{"x":13.715860366821289,"y":158.2452392578125,"z":-326.5229797363281},"rotation":{"x":-0.19773247838020326,"y":-0.5662354230880737,"z":0.14217481017112733,"w":-0.7874659895896912},"size":17.982358932495118,"orthographic":false}