{"cameraMode":{"drawMode":0,"name":"Shaded","section":"Shading Mode"},"sceneLighting":false,"audioPlay":false,"sceneViewState":{"showFog":true,"showMaterialUpdate":false,"showSkybox":false,"showFlares":true,"showImageEffects":true,"showParticleSystems":true},"in2DMode":false,"pivot":{"x":-33.094356536865237,"y":16.363420486450197,"z":-48.476749420166019},"rotation":{"x":0.31824445724487307,"y":-0.11595431715250015,"z":0.03919745609164238,"w":0.9401212930679321},"size":10.220419883728028,"orthographic":true}