{"cameraMode":{"drawMode":0,"name":"Shaded","section":"Shading Mode"},"sceneLighting":true,"audioPlay":false,"sceneViewState":{"showFog":true,"showMaterialUpdate":false,"showSkybox":false,"showFlares":true,"showImageEffects":true,"showParticleSystems":true},"in2DMode":false,"pivot":{"x":-23.618349075317384,"y":7.65534782409668,"z":-7.42802619934082},"rotation":{"x":-0.08338619023561478,"y":0.9151642918586731,"z":-0.24972793459892274,"w":-0.3055208623409271},"size":47.07521438598633,"orthographic":false}