{"cameraMode":{"drawMode":0,"name":"Shaded","section":"Shading Mode"},"sceneLighting":true,"audioPlay":false,"sceneViewState":{"showFog":true,"showMaterialUpdate":false,"showSkybox":true,"showFlares":true,"showImageEffects":true,"showParticleSystems":true},"in2DMode":false,"pivot":{"x":-45.104217529296878,"y":2.4252865314483644,"z":-4.236328125},"rotation":{"x":-0.1097988560795784,"y":0.8772069215774536,"z":-0.24023504555225373,"w":-0.40092509984970095},"size":32.78264236450195,"orthographic":false}