{"cameraMode":{"drawMode":0,"name":"Shaded","section":"Shading Mode"},"sceneLighting":false,"audioPlay":false,"sceneViewState":{"showFog":true,"showMaterialUpdate":false,"showSkybox":false,"showFlares":true,"showImageEffects":true,"showParticleSystems":true},"in2DMode":false,"pivot":{"x":-0.9090003967285156,"y":1.0281519889831544,"z":-7.338014125823975},"rotation":{"x":0.10117964446544647,"y":0.4175800383090973,"z":-0.04737647622823715,"w":0.901883602142334},"size":2.8578836917877199,"orthographic":false}