{"cameraMode":{"drawMode":0,"name":"Shaded","section":"Shading Mode"},"sceneLighting":true,"audioPlay":false,"sceneViewState":{"showFog":true,"showMaterialUpdate":false,"showSkybox":true,"showFlares":true,"showImageEffects":true,"showParticleSystems":true},"in2DMode":false,"pivot":{"x":-209.06239318847657,"y":-160.00494384765626,"z":-160.7205810546875},"rotation":{"x":-0.06698783487081528,"y":0.8758874535560608,"z":-0.46067237854003909,"w":-0.12721508741378785},"size":120.18714141845703,"orthographic":false}