{"cameraMode":{"drawMode":0,"name":"Shaded","section":"Shading Mode"},"sceneLighting":false,"audioPlay":false,"sceneViewState":{"showFog":true,"showMaterialUpdate":false,"showSkybox":true,"showFlares":true,"showImageEffects":true,"showParticleSystems":true},"in2DMode":false,"pivot":{"x":22.509544372558595,"y":7.329730987548828,"z":-10.229513168334961},"rotation":{"x":-0.3057485520839691,"y":0.021988242864608766,"z":-0.007064709439873695,"w":-0.9518342018127441},"size":33.60821533203125,"orthographic":false}