{"cameraMode":{"drawMode":0,"name":"Shaded","section":"Shading Mode"},"sceneLighting":false,"audioPlay":false,"sceneViewState":{"showFog":true,"showMaterialUpdate":false,"showSkybox":true,"showFlares":true,"showImageEffects":true,"showParticleSystems":true},"in2DMode":false,"pivot":{"x":30.908329010009767,"y":3.2880783081054689,"z":-6.879123687744141},"rotation":{"x":0.2646268308162689,"y":-0.06791753321886063,"z":0.0186872910708189,"w":0.9617742300033569},"size":38.0893669128418,"orthographic":false}