{"cameraMode":{"drawMode":0,"name":"Shaded","section":"Shading Mode"},"sceneLighting":false,"audioPlay":false,"sceneViewState":{"showFog":true,"showMaterialUpdate":false,"showSkybox":true,"showFlares":true,"showImageEffects":true,"showParticleSystems":true},"in2DMode":false,"pivot":{"x":308.379150390625,"y":156.1473388671875,"z":-50.2667236328125},"rotation":{"x":-0.08327405154705048,"y":-0.1483205109834671,"z":0.012525136582553387,"w":-0.9853548407554627},"size":505.72454833984377,"orthographic":false}