{"cameraMode":{"drawMode":0,"name":"Shaded","section":"Shading Mode"},"sceneLighting":false,"audioPlay":false,"sceneViewState":{"showFog":true,"showMaterialUpdate":false,"showSkybox":false,"showFlares":true,"showImageEffects":true,"showParticleSystems":true},"in2DMode":false,"pivot":{"x":-17.1760196685791,"y":10.372027397155762,"z":-49.47999954223633},"rotation":{"x":0.27942726016044619,"y":-0.005765832029283047,"z":0.0016721972497180105,"w":0.9601568579673767},"size":4.439397811889648,"orthographic":false}