{"cameraMode":{"drawMode":0,"name":"Shaded","section":"Shading Mode"},"sceneLighting":true,"audioPlay":false,"sceneViewState":{"showFog":true,"showMaterialUpdate":false,"showSkybox":true,"showFlares":true,"showImageEffects":true,"showParticleSystems":true},"in2DMode":false,"pivot":{"x":10.56568431854248,"y":0.040668074041604999,"z":3.8633334636688234},"rotation":{"x":0.11914604902267456,"y":0.287529319524765,"z":-0.03607691824436188,"w":0.949665367603302},"size":16.560632705688478,"orthographic":false}