{"cameraMode":{"drawMode":0,"name":"Shaded","section":"Shading Mode"},"sceneLighting":false,"audioPlay":false,"sceneViewState":{"showFog":true,"showMaterialUpdate":false,"showSkybox":false,"showFlares":true,"showImageEffects":true,"showParticleSystems":true},"in2DMode":false,"pivot":{"x":-28.909069061279298,"y":10.436091423034668,"z":-50.18926239013672},"rotation":{"x":0.27942726016044619,"y":-0.005765832029283047,"z":0.0016721972497180105,"w":0.9601568579673767},"size":4.427656173706055,"orthographic":false}