{"cameraMode":{"drawMode":0,"name":"Shaded","section":"Shading Mode"},"sceneLighting":false,"audioPlay":false,"sceneViewState":{"showFog":true,"showMaterialUpdate":false,"showSkybox":false,"showFlares":true,"showImageEffects":true,"showParticleSystems":true},"in2DMode":false,"pivot":{"x":86.50907897949219,"y":0.19468523561954499,"z":-12.898778915405274},"rotation":{"x":-0.006069280207157135,"y":0.9780529141426086,"z":-0.2063276171684265,"w":-0.028760768473148347},"size":7.516026973724365,"orthographic":false}