{"cameraMode":{"drawMode":0,"name":"Shaded","section":"Shading Mode"},"sceneLighting":true,"audioPlay":false,"sceneViewState":{"showFog":true,"showMaterialUpdate":false,"showSkybox":true,"showFlares":true,"showImageEffects":true,"showParticleSystems":true},"in2DMode":false,"pivot":{"x":22.927471160888673,"y":0.2818775177001953,"z":-4.303615570068359},"rotation":{"x":0.11914604902267456,"y":0.287529319524765,"z":-0.03607691824436188,"w":0.949665367603302},"size":48.77315902709961,"orthographic":false}