{"cameraMode":{"drawMode":0,"name":"Shaded","section":"Shading Mode"},"sceneLighting":true,"audioPlay":false,"sceneViewState":{"showFog":true,"showMaterialUpdate":false,"showSkybox":true,"showFlares":true,"showImageEffects":true,"showParticleSystems":true},"in2DMode":false,"pivot":{"x":28.869548797607423,"y":14.527569770812989,"z":-344.2228088378906},"rotation":{"x":0.17401127517223359,"y":-0.007098390255123377,"z":0.0012292034225538374,"w":0.9847516417503357},"size":28.881669998168947,"orthographic":true}