{"cameraMode":{"drawMode":0,"name":"Shaded","section":"Shading Mode"},"sceneLighting":true,"audioPlay":false,"sceneViewState":{"showFog":true,"showMaterialUpdate":false,"showSkybox":true,"showFlares":true,"showImageEffects":true,"showParticleSystems":true},"in2DMode":false,"pivot":{"x":61.38174057006836,"y":-15.138809204101563,"z":22.56303596496582},"rotation":{"x":0.31791019439697268,"y":0.09448590874671936,"z":-0.031872522085905078,"w":0.9428812861442566},"size":133.60276794433595,"orthographic":false}