{"cameraMode":{"drawMode":0,"name":"Shaded","section":"Shading Mode"},"sceneLighting":true,"audioPlay":false,"sceneViewState":{"showFog":true,"showMaterialUpdate":false,"showSkybox":true,"showFlares":true,"showImageEffects":true,"showParticleSystems":true},"in2DMode":false,"pivot":{"x":582.9360961914063,"y":391.676025390625,"z":117.50689697265625},"rotation":{"x":-0.024015571922063829,"y":0.006259231362491846,"z":0.0012831672793254257,"w":-0.9998949766159058},"size":1054.1063232421875,"orthographic":false}