{"cameraMode":{"drawMode":0,"name":"Shaded","section":"Shading Mode"},"sceneLighting":true,"audioPlay":false,"sceneViewState":{"showFog":true,"showMaterialUpdate":false,"showSkybox":false,"showFlares":true,"showImageEffects":true,"showParticleSystems":true},"in2DMode":false,"pivot":{"x":-71.66960144042969,"y":9.200000762939454,"z":-19.630001068115236},"rotation":{"x":0.3202352821826935,"y":0.31933608651161196,"z":-0.1155942901968956,"w":0.8843905925750732},"size":84.73558044433594,"orthographic":false}