{"cameraMode":{"drawMode":0,"name":"Shaded","section":"Shading Mode"},"sceneLighting":true,"audioPlay":false,"sceneViewState":{"showFog":true,"showMaterialUpdate":false,"showSkybox":true,"showFlares":true,"showImageEffects":true,"showParticleSystems":true},"in2DMode":false,"pivot":{"x":42.29749298095703,"y":4.406558990478516,"z":-16.841209411621095},"rotation":{"x":0.351010262966156,"y":0.06032147258520126,"z":-0.022765351459383966,"w":0.9342640042304993},"size":29.83888816833496,"orthographic":false}