{"cameraMode":{"drawMode":0,"name":"Shaded","section":"Shading Mode"},"sceneLighting":true,"audioPlay":false,"sceneViewState":{"showFog":true,"showMaterialUpdate":false,"showSkybox":true,"showFlares":true,"showImageEffects":true,"showParticleSystems":true},"in2DMode":false,"pivot":{"x":56.412986755371097,"y":54.570255279541019,"z":-286.44921875},"rotation":{"x":0.2547752559185028,"y":-0.026424890384078027,"z":0.006836211774498224,"w":0.9666515588760376},"size":85.25890350341797,"orthographic":false}