{"cameraMode":{"drawMode":0,"name":"Shaded","section":"Shading Mode"},"sceneLighting":true,"audioPlay":false,"sceneViewState":{"showFog":true,"showMaterialUpdate":false,"showSkybox":true,"showFlares":true,"showImageEffects":true,"showParticleSystems":true},"in2DMode":false,"pivot":{"x":76.78606414794922,"y":15.19212532043457,"z":-280.02569580078127},"rotation":{"x":-0.2053080052137375,"y":-0.06581602990627289,"z":0.014994780533015728,"w":-0.9765074253082275},"size":31.10932159423828,"orthographic":false}