{"cameraMode":{"drawMode":0,"name":"Shaded","section":"Shading Mode"},"sceneLighting":false,"audioPlay":false,"sceneViewState":{"showFog":true,"showMaterialUpdate":false,"showSkybox":false,"showFlares":true,"showImageEffects":true,"showParticleSystems":true},"in2DMode":false,"pivot":{"x":55.09000015258789,"y":-0.7599999904632568,"z":-13.720000267028809},"rotation":{"x":0.0036456193774938585,"y":0.8840407729148865,"z":-0.46735474467277529,"w":0.006896726321429014},"size":6.796152114868164,"orthographic":false}