{"cameraMode":{"drawMode":0,"name":"Shaded","section":"Shading Mode"},"sceneLighting":true,"audioPlay":false,"sceneViewState":{"showFog":true,"showMaterialUpdate":false,"showSkybox":true,"showFlares":true,"showImageEffects":true,"showParticleSystems":true},"in2DMode":false,"pivot":{"x":-221.9105224609375,"y":-76.87974548339844,"z":-612.5753784179688},"rotation":{"x":0.2602546513080597,"y":0.3088378608226776,"z":-0.08827101439237595,"w":0.9105489253997803},"size":36.68982696533203,"orthographic":false}