{"cameraMode":{"drawMode":0,"name":"Shaded","section":"Shading Mode"},"sceneLighting":false,"audioPlay":false,"sceneViewState":{"showFog":true,"showMaterialUpdate":false,"showSkybox":false,"showFlares":true,"showImageEffects":true,"showParticleSystems":true},"in2DMode":false,"pivot":{"x":87.20105743408203,"y":-0.22777771949768067,"z":-11.800000190734864},"rotation":{"x":-0.3487699031829834,"y":-0.5724562406539917,"z":0.2928157150745392,"w":-0.6818519234657288},"size":6.88950777053833,"orthographic":false}