{"cameraMode":{"drawMode":0,"name":"Shaded","section":"Shading Mode"},"sceneLighting":true,"audioPlay":false,"sceneViewState":{"showFog":true,"showMaterialUpdate":false,"showSkybox":true,"showFlares":true,"showImageEffects":true,"showParticleSystems":true},"in2DMode":false,"pivot":{"x":49.85624694824219,"y":-8.202771186828614,"z":11.640471458435059},"rotation":{"x":-0.2998560965061188,"y":0.11049845069646836,"z":-0.0347425751388073,"w":-0.947083592414856},"size":38.81731033325195,"orthographic":false}