{"cameraMode":{"drawMode":0,"name":"Shaded","section":"Shading Mode"},"sceneLighting":true,"audioPlay":false,"sceneViewState":{"showFog":true,"showMaterialUpdate":false,"showSkybox":true,"showFlares":true,"showImageEffects":true,"showParticleSystems":true},"in2DMode":false,"pivot":{"x":19.847463607788087,"y":2.211559534072876,"z":-2.5041489601135256},"rotation":{"x":0.24628505110740663,"y":0.08853451162576676,"z":-0.022641342133283616,"w":0.964956521987915},"size":10.9810152053833,"orthographic":false}