{"cameraMode":{"drawMode":0,"name":"Shaded","section":"Shading Mode"},"sceneLighting":true,"audioPlay":false,"sceneViewState":{"showFog":true,"showMaterialUpdate":false,"showSkybox":true,"showFlares":true,"showImageEffects":true,"showParticleSystems":true},"in2DMode":false,"pivot":{"x":20.793445587158204,"y":3.623342514038086,"z":-280.8752746582031},"rotation":{"x":-0.4343704283237457,"y":-0.03132140636444092,"z":0.014120756648480893,"w":-0.9005262851715088},"size":32.56193542480469,"orthographic":false}