{"cameraMode":{"drawMode":0,"name":"Shaded","section":"Shading Mode"},"sceneLighting":false,"audioPlay":false,"sceneViewState":{"showFog":true,"showMaterialUpdate":false,"showSkybox":false,"showFlares":true,"showImageEffects":true,"showParticleSystems":true},"in2DMode":false,"pivot":{"x":69.69999694824219,"y":-0.10047447681427002,"z":-13.0},"rotation":{"x":-0.36400771141052248,"y":-0.19294650852680207,"z":0.07735840976238251,"w":-0.9079039096832275},"size":8.465555191040039,"orthographic":false}