{"cameraMode":{"drawMode":0,"name":"Shaded","section":"Shading Mode"},"sceneLighting":false,"audioPlay":false,"sceneViewState":{"showFog":true,"showMaterialUpdate":false,"showSkybox":false,"showFlares":true,"showImageEffects":true,"showParticleSystems":true},"in2DMode":false,"pivot":{"x":-124.94999694824219,"y":14.464460372924805,"z":-23.6299991607666},"rotation":{"x":0.31824445724487307,"y":-0.11595431715250015,"z":0.03919745609164238,"w":0.9401212930679321},"size":13.586840629577637,"orthographic":true}