{"cameraMode":{"drawMode":0,"name":"Shaded","section":"Shading Mode"},"sceneLighting":true,"audioPlay":false,"sceneViewState":{"showFog":true,"showMaterialUpdate":false,"showSkybox":true,"showFlares":true,"showImageEffects":true,"showParticleSystems":true},"in2DMode":false,"pivot":{"x":-43.555908203125,"y":-5.622879981994629,"z":-7.67696475982666},"rotation":{"x":-0.3955591320991516,"y":-0.02286810614168644,"z":0.009852781891822815,"w":-0.9181047677993774},"size":19.124744415283204,"orthographic":false}