{"cameraMode":{"drawMode":0,"name":"Shaded","section":"Shading Mode"},"sceneLighting":false,"audioPlay":false,"sceneViewState":{"showFog":true,"showMaterialUpdate":false,"showSkybox":false,"showFlares":true,"showImageEffects":true,"showParticleSystems":true},"in2DMode":false,"pivot":{"x":52.42158126831055,"y":-0.46654820442199709,"z":-16.193401336669923},"rotation":{"x":0.4719807207584381,"y":-0.0633818656206131,"z":0.03403080999851227,"w":0.8787293434143066},"size":6.136605739593506,"orthographic":false}