{"cameraMode":{"drawMode":0,"name":"Shaded","section":"Shading Mode"},"sceneLighting":true,"audioPlay":false,"sceneViewState":{"showFog":true,"showMaterialUpdate":false,"showSkybox":true,"showFlares":true,"showImageEffects":true,"showParticleSystems":true},"in2DMode":false,"pivot":{"x":9.529976844787598,"y":1.0158700942993165,"z":-306.969970703125},"rotation":{"x":0.27778667211532595,"y":0.03713274374604225,"z":-0.010884389281272889,"w":0.9599003791809082},"size":35.8628044128418,"orthographic":false}