{"cameraMode":{"drawMode":0,"name":"Shaded","section":"Shading Mode"},"sceneLighting":true,"audioPlay":false,"sceneViewState":{"showFog":true,"showMaterialUpdate":false,"showSkybox":true,"showFlares":true,"showImageEffects":true,"showParticleSystems":true},"in2DMode":false,"pivot":{"x":73.63613891601563,"y":11.760730743408204,"z":-25.995046615600587},"rotation":{"x":0.2742585837841034,"y":0.004315524827688932,"z":-0.0012551959371194244,"w":0.961691677570343},"size":11.086506843566895,"orthographic":false}