{"cameraMode":{"drawMode":0,"name":"Shaded","section":"Shading Mode"},"sceneLighting":true,"audioPlay":false,"sceneViewState":{"showFog":true,"showMaterialUpdate":false,"showSkybox":true,"showFlares":true,"showImageEffects":true,"showParticleSystems":true},"in2DMode":false,"pivot":{"x":3.5722880363464357,"y":11.613625526428223,"z":-318.5799865722656},"rotation":{"x":0.23635593056678773,"y":0.10325217247009278,"z":-0.02526739053428173,"w":0.9658347964286804},"size":8.370035171508789,"orthographic":false}