{"cameraMode":{"drawMode":0,"name":"Shaded","section":"Shading Mode"},"sceneLighting":false,"audioPlay":false,"sceneViewState":{"showFog":true,"showMaterialUpdate":false,"showSkybox":false,"showFlares":true,"showImageEffects":true,"showParticleSystems":true},"in2DMode":false,"pivot":{"x":77.22010803222656,"y":-0.6685389876365662,"z":-11.873400688171387},"rotation":{"x":-0.18541963398456574,"y":-0.2654280960559845,"z":0.05209730193018913,"w":-0.9447022676467896},"size":7.439336776733398,"orthographic":false}