{"cameraMode":{"drawMode":0,"name":"Shaded","section":"Shading Mode"},"sceneLighting":true,"audioPlay":false,"sceneViewState":{"showFog":true,"showMaterialUpdate":false,"showSkybox":true,"showFlares":true,"showImageEffects":true,"showParticleSystems":true},"in2DMode":false,"pivot":{"x":48.368568420410159,"y":17.876026153564454,"z":-291.98260498046877},"rotation":{"x":0.302111953496933,"y":0.2990979552268982,"z":-0.10044872760772705,"w":0.8995550274848938},"size":19.08733558654785,"orthographic":false}