{"cameraMode":{"drawMode":0,"name":"Shaded","section":"Shading Mode"},"sceneLighting":false,"audioPlay":false,"sceneViewState":{"showFog":true,"showMaterialUpdate":false,"showSkybox":false,"showFlares":true,"showImageEffects":true,"showParticleSystems":true},"in2DMode":false,"pivot":{"x":55.09000015258789,"y":-0.7599999904632568,"z":-13.720000267028809},"rotation":{"x":0.0012801046250388027,"y":0.9904182553291321,"z":-0.137864887714386,"w":0.009212576784193516},"size":10.809686660766602,"orthographic":false}