{"cameraMode":{"drawMode":0,"name":"Shaded","section":"Shading Mode"},"sceneLighting":false,"audioPlay":false,"sceneViewState":{"showFog":true,"showMaterialUpdate":false,"showSkybox":false,"showFlares":true,"showImageEffects":true,"showParticleSystems":true},"in2DMode":false,"pivot":{"x":77.22695922851563,"y":-0.2673053741455078,"z":-11.873400688171387},"rotation":{"x":-0.05997613072395325,"y":-0.0009142930503003299,"z":0.0000792425125837326,"w":-0.998249888420105},"size":8.340225219726563,"orthographic":false}