{"cameraMode":{"drawMode":0,"name":"Shaded","section":"Shading Mode"},"sceneLighting":true,"audioPlay":false,"sceneViewState":{"showFog":true,"showMaterialUpdate":false,"showSkybox":true,"showFlares":true,"showImageEffects":true,"showParticleSystems":true},"in2DMode":false,"pivot":{"x":-33.4586296081543,"y":-1.8502426147460938,"z":13.434490203857422},"rotation":{"x":0.17257384955883027,"y":-0.01769690029323101,"z":0.0023998674005270006,"w":0.9849345684051514},"size":44.586666107177737,"orthographic":false}