{"cameraMode":{"drawMode":0,"name":"Shaded","section":"Shading Mode"},"sceneLighting":false,"audioPlay":false,"sceneViewState":{"showFog":true,"showMaterialUpdate":false,"showSkybox":false,"showFlares":true,"showImageEffects":true,"showParticleSystems":true},"in2DMode":false,"pivot":{"x":-0.9090003967285156,"y":1.0281519889831544,"z":-7.338014125823975},"rotation":{"x":-0.012303571216762066,"y":0.03059011697769165,"z":-0.00037645577685907483,"w":-0.9994602203369141},"size":15.128571510314942,"orthographic":false}