{"cameraMode":{"drawMode":0,"name":"Shaded","section":"Shading Mode"},"sceneLighting":false,"audioPlay":false,"sceneViewState":{"showFog":true,"showMaterialUpdate":false,"showSkybox":true,"showFlares":true,"showImageEffects":true,"showParticleSystems":true},"in2DMode":false,"pivot":{"x":26.611894607543947,"y":12.011829376220704,"z":-12.728157997131348},"rotation":{"x":-0.17635248601436616,"y":-0.24888157844543458,"z":0.04613185301423073,"w":-0.9512333869934082},"size":2.8725104331970217,"orthographic":false}