{"cameraMode":{"drawMode":0,"name":"Shaded","section":"Shading Mode"},"sceneLighting":true,"audioPlay":false,"sceneViewState":{"showFog":true,"showMaterialUpdate":false,"showSkybox":true,"showFlares":true,"showImageEffects":true,"showParticleSystems":true},"in2DMode":false,"pivot":{"x":-33.72087860107422,"y":0.7909222841262817,"z":-3.4833076000213625},"rotation":{"x":-0.33669641613960268,"y":-0.12881633639335633,"z":0.046557001769542697,"w":-0.931602418422699},"size":34.65925216674805,"orthographic":false}