{"cameraMode":{"drawMode":0,"name":"Shaded","section":"Shading Mode"},"sceneLighting":false,"audioPlay":false,"sceneViewState":{"showFog":true,"showMaterialUpdate":false,"showSkybox":false,"showFlares":true,"showImageEffects":true,"showParticleSystems":true},"in2DMode":false,"pivot":{"x":-0.9090003967285156,"y":1.0281519889831544,"z":-7.338014125823975},"rotation":{"x":0.4225388169288635,"y":-0.5249514579772949,"z":0.3372962772846222,"w":0.6573933362960815},"size":5.7492876052856449,"orthographic":false}