{"cameraMode":{"drawMode":0,"name":"Shaded","section":"Shading Mode"},"sceneLighting":false,"audioPlay":false,"sceneViewState":{"showFog":true,"showMaterialUpdate":false,"showSkybox":false,"showFlares":true,"showImageEffects":true,"showParticleSystems":true},"in2DMode":false,"pivot":{"x":-5.475029945373535,"y":56.69999694824219,"z":-59.9085578918457},"rotation":{"x":0.27942726016044619,"y":-0.005765832029283047,"z":0.0016721972497180105,"w":0.9601568579673767},"size":24.751380920410158,"orthographic":false}