{"cameraMode":{"drawMode":0,"name":"Shaded","section":"Shading Mode"},"sceneLighting":true,"audioPlay":false,"sceneViewState":{"showFog":true,"showMaterialUpdate":false,"showSkybox":true,"showFlares":true,"showImageEffects":true,"showParticleSystems":true},"in2DMode":false,"pivot":{"x":175.68475341796876,"y":82.04541015625,"z":148.21356201171876},"rotation":{"x":-0.03059653379023075,"y":-0.003920380957424641,"z":0.0002149929932784289,"w":-0.9996590614318848},"size":358.61248779296877,"orthographic":false}