{"cameraMode":{"drawMode":0,"name":"Shaded","section":"Shading Mode"},"sceneLighting":false,"audioPlay":false,"sceneViewState":{"showFog":true,"showMaterialUpdate":false,"showSkybox":false,"showFlares":true,"showImageEffects":true,"showParticleSystems":true},"in2DMode":false,"pivot":{"x":48.48877716064453,"y":-9.680475234985352,"z":-32.40498733520508},"rotation":{"x":0.27942726016044619,"y":-0.005765832029283047,"z":0.0016721972497180105,"w":0.9601568579673767},"size":95.92711639404297,"orthographic":false}