{"cameraMode":{"drawMode":0,"name":"Shaded","section":"Shading Mode"},"sceneLighting":true,"audioPlay":false,"sceneViewState":{"showFog":true,"showMaterialUpdate":false,"showSkybox":true,"showFlares":true,"showImageEffects":true,"showParticleSystems":true},"in2DMode":false,"pivot":{"x":-143.11907958984376,"y":-223.6759033203125,"z":-164.76199340820313},"rotation":{"x":0.2661171853542328,"y":0.01763264462351799,"z":-0.004890831653028727,"w":0.96380215883255},"size":826.5960083007813,"orthographic":false}