{"cameraMode":{"drawMode":0,"name":"Shaded","section":"Shading Mode"},"sceneLighting":true,"audioPlay":false,"sceneViewState":{"showFog":true,"showMaterialUpdate":false,"showSkybox":true,"showFlares":true,"showImageEffects":true,"showParticleSystems":true},"in2DMode":false,"pivot":{"x":-33.651554107666019,"y":-1.7901558876037598,"z":-1.5509157180786133},"rotation":{"x":0.20827005803585053,"y":0.09809926152229309,"z":-0.021710842847824098,"w":0.9729838967323303},"size":34.061058044433597,"orthographic":false}