{"cameraMode":{"drawMode":0,"name":"Shaded","section":"Shading Mode"},"sceneLighting":false,"audioPlay":false,"sceneViewState":{"showFog":true,"showMaterialUpdate":false,"showSkybox":false,"showFlares":true,"showImageEffects":true,"showParticleSystems":true},"in2DMode":false,"pivot":{"x":86.16670989990235,"y":2.047335624694824,"z":-12.800261497497559},"rotation":{"x":0.0009350623586215079,"y":0.9971638321876526,"z":0.012555778957903386,"w":-0.07432407885789871},"size":15.077875137329102,"orthographic":false}