{"cameraMode":{"drawMode":0,"name":"Shaded","section":"Shading Mode"},"sceneLighting":true,"audioPlay":false,"sceneViewState":{"showFog":true,"showMaterialUpdate":false,"showSkybox":true,"showFlares":true,"showImageEffects":true,"showParticleSystems":true},"in2DMode":false,"pivot":{"x":8.403818130493164,"y":5.328225612640381,"z":-9.327473640441895},"rotation":{"x":-0.18314336240291596,"y":0.2807754576206207,"z":-0.05467844009399414,"w":-0.9405734539031982},"size":13.059324264526368,"orthographic":false}