{"cameraMode":{"drawMode":0,"name":"Shaded","section":"Shading Mode"},"sceneLighting":true,"audioPlay":false,"sceneViewState":{"showFog":true,"showMaterialUpdate":false,"showSkybox":true,"showFlares":true,"showImageEffects":true,"showParticleSystems":true},"in2DMode":false,"pivot":{"x":-45.50689697265625,"y":-57.917999267578128,"z":71.47554016113281},"rotation":{"x":0.3397311270236969,"y":-0.06635501235723496,"z":0.02324891835451126,"w":0.9379934072494507},"size":126.3998031616211,"orthographic":false}