{"cameraMode":{"drawMode":0,"name":"Shaded","section":"Shading Mode"},"sceneLighting":false,"audioPlay":false,"sceneViewState":{"showFog":true,"showMaterialUpdate":false,"showSkybox":false,"showFlares":true,"showImageEffects":true,"showParticleSystems":true},"in2DMode":false,"pivot":{"x":17.86073112487793,"y":2.2936277389526369,"z":-318.0062561035156},"rotation":{"x":-0.25101953744888308,"y":0.2749975025653839,"z":-0.07448449730873108,"w":-0.9251624941825867},"size":9.876082420349121,"orthographic":false}