{"cameraMode":{"drawMode":0,"name":"Shaded","section":"Shading Mode"},"sceneLighting":true,"audioPlay":false,"sceneViewState":{"showFog":true,"showMaterialUpdate":false,"showSkybox":true,"showFlares":true,"showImageEffects":true,"showParticleSystems":true},"in2DMode":false,"pivot":{"x":-35.099796295166019,"y":3.486880302429199,"z":25.156421661376954},"rotation":{"x":-0.37203845381736758,"y":-0.17768454551696778,"z":0.07281429320573807,"w":-0.908169686794281},"size":12.206212043762207,"orthographic":false}