{"cameraMode":{"drawMode":0,"name":"Shaded","section":"Shading Mode"},"sceneLighting":true,"audioPlay":false,"sceneViewState":{"showFog":true,"showMaterialUpdate":false,"showSkybox":true,"showFlares":true,"showImageEffects":true,"showParticleSystems":true},"in2DMode":false,"pivot":{"x":-201.07041931152345,"y":-127.74777221679688,"z":-479.6307373046875},"rotation":{"x":-0.02849799394607544,"y":0.9487775564193726,"z":-0.30162978172302248,"w":-0.08963903784751892},"size":70.93351745605469,"orthographic":true}