{"cameraMode":{"drawMode":0,"name":"Shaded","section":"Shading Mode"},"sceneLighting":true,"audioPlay":false,"sceneViewState":{"showFog":true,"showMaterialUpdate":false,"showSkybox":true,"showFlares":true,"showImageEffects":true,"showParticleSystems":true},"in2DMode":false,"pivot":{"x":189.67498779296876,"y":213.0513916015625,"z":-0.69879150390625},"rotation":{"x":0.04947783425450325,"y":0.008988095447421074,"z":-0.0004671373753808439,"w":0.9987497329711914},"size":516.26708984375,"orthographic":false}