{"cameraMode":{"drawMode":0,"name":"Shaded","section":"Shading Mode"},"sceneLighting":false,"audioPlay":false,"sceneViewState":{"showFog":true,"showMaterialUpdate":false,"showSkybox":false,"showFlares":true,"showImageEffects":true,"showParticleSystems":true},"in2DMode":false,"pivot":{"x":69.69999694824219,"y":-0.29999998211860659,"z":-13.0},"rotation":{"x":0.0036456193774938585,"y":0.8840407729148865,"z":-0.46735474467277529,"w":0.006896726321429014},"size":4.886938095092773,"orthographic":false}