{"cameraMode":{"drawMode":0,"name":"Shaded","section":"Shading Mode"},"sceneLighting":false,"audioPlay":false,"sceneViewState":{"showFog":true,"showMaterialUpdate":false,"showSkybox":false,"showFlares":true,"showImageEffects":true,"showParticleSystems":true},"in2DMode":false,"pivot":{"x":77.22010803222656,"y":-0.6685389876365662,"z":-11.873400688171387},"rotation":{"x":-0.36400771141052248,"y":-0.19294650852680207,"z":0.07735840976238251,"w":-0.9079039096832275},"size":7.439336776733398,"orthographic":false}