{"cameraMode":{"drawMode":0,"name":"Shaded","section":"Shading Mode"},"sceneLighting":true,"audioPlay":false,"sceneViewState":{"showFog":true,"showMaterialUpdate":false,"showSkybox":true,"showFlares":true,"showImageEffects":true,"showParticleSystems":true},"in2DMode":false,"pivot":{"x":44.997047424316409,"y":3.5488452911376955,"z":-312.39453125},"rotation":{"x":0.26953428983688357,"y":-0.16115285456180573,"z":0.045720599591732028,"w":0.9483486413955689},"size":47.41584014892578,"orthographic":false}