{"cameraMode":{"drawMode":0,"name":"Shaded","section":"Shading Mode"},"sceneLighting":false,"audioPlay":false,"sceneViewState":{"showFog":true,"showMaterialUpdate":false,"showSkybox":true,"showFlares":true,"showImageEffects":true,"showParticleSystems":true},"in2DMode":false,"pivot":{"x":21.264921188354493,"y":8.190131187438965,"z":-12.654891967773438},"rotation":{"x":-0.1907842755317688,"y":-0.13440699875354768,"z":0.026381773874163629,"w":-0.972034752368927},"size":17.923940658569337,"orthographic":false}