{"cameraMode":{"drawMode":0,"name":"Shaded","section":"Shading Mode"},"sceneLighting":false,"audioPlay":false,"sceneViewState":{"showFog":true,"showMaterialUpdate":false,"showSkybox":true,"showFlares":true,"showImageEffects":true,"showParticleSystems":true},"in2DMode":false,"pivot":{"x":66.59364318847656,"y":-0.27300330996513369,"z":-9.250499725341797},"rotation":{"x":-0.3057485520839691,"y":0.021988242864608766,"z":-0.007064709439873695,"w":-0.9518342018127441},"size":20.36989974975586,"orthographic":false}