{"cameraMode":{"drawMode":0,"name":"Shaded","section":"Shading Mode"},"sceneLighting":true,"audioPlay":false,"sceneViewState":{"showFog":true,"showMaterialUpdate":false,"showSkybox":true,"showFlares":true,"showImageEffects":true,"showParticleSystems":true},"in2DMode":false,"pivot":{"x":6.5165815353393559,"y":155.00987243652345,"z":-324.3391418457031},"rotation":{"x":-0.22959968447685243,"y":-0.22901062667369843,"z":0.05565960332751274,"w":-0.9443393349647522},"size":126.581787109375,"orthographic":false}