{"cameraMode":{"drawMode":0,"name":"Shaded","section":"Shading Mode"},"sceneLighting":true,"audioPlay":false,"sceneViewState":{"showFog":true,"showMaterialUpdate":false,"showSkybox":true,"showFlares":true,"showImageEffects":true,"showParticleSystems":true},"in2DMode":false,"pivot":{"x":11.02584457397461,"y":5.39833927154541,"z":-265.2733154296875},"rotation":{"x":0.6282784342765808,"y":0.22716714441776277,"z":-0.19884537160396577,"w":0.717150866985321},"size":22.694049835205079,"orthographic":false}