{"cameraMode":{"drawMode":0,"name":"Shaded","section":"Shading Mode"},"sceneLighting":false,"audioPlay":false,"sceneViewState":{"showFog":true,"showMaterialUpdate":false,"showSkybox":false,"showFlares":true,"showImageEffects":true,"showParticleSystems":true},"in2DMode":false,"pivot":{"x":57.29999923706055,"y":3.5999999046325685,"z":-273.82000732421877},"rotation":{"x":-0.0009349222527816892,"y":0.9967538118362427,"z":-0.07972012460231781,"w":-0.011661296710371971},"size":14.937744140625,"orthographic":false}