{"cameraMode":{"drawMode":0,"name":"Shaded","section":"Shading Mode"},"sceneLighting":false,"audioPlay":false,"sceneViewState":{"showFog":true,"showMaterialUpdate":false,"showSkybox":false,"showFlares":true,"showImageEffects":true,"showParticleSystems":true},"in2DMode":false,"pivot":{"x":-497.945068359375,"y":81.2192611694336,"z":-500.1937255859375},"rotation":{"x":-0.15992699563503266,"y":0.0984506830573082,"z":-0.015931392088532449,"w":-0.9821264147758484},"size":70.78792572021485,"orthographic":false}