{"cameraMode":{"drawMode":0,"name":"Shaded","section":"Shading Mode"},"sceneLighting":false,"audioPlay":false,"sceneViewState":{"showFog":true,"showMaterialUpdate":false,"showSkybox":true,"showFlares":true,"showImageEffects":true,"showParticleSystems":true},"in2DMode":false,"pivot":{"x":26.520198822021486,"y":1.9252204895019532,"z":-3.6065216064453127},"rotation":{"x":0.4250282347202301,"y":0.04206601157784462,"z":-0.019777527078986169,"w":0.9039881229400635},"size":60.09406280517578,"orthographic":false}