{"cameraMode":{"drawMode":0,"name":"Shaded","section":"Shading Mode"},"sceneLighting":true,"audioPlay":false,"sceneViewState":{"showFog":true,"showMaterialUpdate":false,"showSkybox":true,"showFlares":true,"showImageEffects":true,"showParticleSystems":true},"in2DMode":false,"pivot":{"x":72.21446990966797,"y":1.5726715326309205,"z":-219.70309448242188},"rotation":{"x":0.34273821115493777,"y":-0.00004745511250803247,"z":-0.00015639903722330928,"w":0.9394890666007996},"size":26.997438430786134,"orthographic":false}