{"cameraMode":{"drawMode":0,"name":"Shaded","section":"Shading Mode"},"sceneLighting":true,"audioPlay":false,"sceneViewState":{"showFog":true,"showMaterialUpdate":false,"showSkybox":true,"showFlares":true,"showImageEffects":true,"showParticleSystems":true},"in2DMode":false,"pivot":{"x":-221.00442504882813,"y":-93.28340911865235,"z":-558.6598510742188},"rotation":{"x":0.27413317561149599,"y":-0.06772945076227188,"z":0.019358469173312188,"w":0.9591088891029358},"size":84.57427978515625,"orthographic":false}