{"cameraMode":{"drawMode":0,"name":"Shaded","section":"Shading Mode"},"sceneLighting":false,"audioPlay":false,"sceneViewState":{"showFog":true,"showMaterialUpdate":false,"showSkybox":false,"showFlares":true,"showImageEffects":true,"showParticleSystems":true},"in2DMode":false,"pivot":{"x":-189.19593811035157,"y":28.613636016845704,"z":-53.838016510009769},"rotation":{"x":0.27942726016044619,"y":-0.005765832029283047,"z":0.0016721972497180105,"w":0.9601568579673767},"size":107.50739288330078,"orthographic":false}