{"cameraMode":{"drawMode":0,"name":"Shaded","section":"Shading Mode"},"sceneLighting":true,"audioPlay":false,"sceneViewState":{"showFog":true,"showMaterialUpdate":false,"showSkybox":true,"showFlares":true,"showImageEffects":true,"showParticleSystems":true},"in2DMode":false,"pivot":{"x":10.639310836791993,"y":0.7915134429931641,"z":-261.0682678222656},"rotation":{"x":0.1808289736509323,"y":0.6926636099815369,"z":-0.1861220747232437,"w":0.6729912161827087},"size":19.746538162231447,"orthographic":false}