{"cameraMode":{"drawMode":0,"name":"Shaded","section":"Shading Mode"},"sceneLighting":false,"audioPlay":false,"sceneViewState":{"showFog":true,"showMaterialUpdate":false,"showSkybox":false,"showFlares":true,"showImageEffects":true,"showParticleSystems":true},"in2DMode":false,"pivot":{"x":-0.9090003967285156,"y":1.0281519889831544,"z":-7.338014125823975},"rotation":{"x":0.37945011258125307,"y":0.17942045629024507,"z":-0.07543622702360153,"w":0.9046189785003662},"size":8.810190200805664,"orthographic":false}