{"cameraMode":{"drawMode":0,"name":"Shaded","section":"Shading Mode"},"sceneLighting":false,"audioPlay":false,"sceneViewState":{"showFog":true,"showMaterialUpdate":false,"showSkybox":true,"showFlares":true,"showImageEffects":true,"showParticleSystems":true},"in2DMode":false,"pivot":{"x":19.455781936645509,"y":3.8113632202148439,"z":2.3365097045898439},"rotation":{"x":-0.18305128812789918,"y":-0.257076621055603,"z":0.04962694272398949,"w":-0.947625994682312},"size":32.694095611572269,"orthographic":false}