{"cameraMode":{"drawMode":0,"name":"Shaded","section":"Shading Mode"},"sceneLighting":false,"audioPlay":false,"sceneViewState":{"showFog":true,"showMaterialUpdate":false,"showSkybox":true,"showFlares":true,"showImageEffects":true,"showParticleSystems":true},"in2DMode":false,"pivot":{"x":45.14685821533203,"y":14.95862865447998,"z":-13.377260208129883},"rotation":{"x":-0.16267767548561097,"y":-0.3980415165424347,"z":0.07191246002912522,"w":-0.8999915719032288},"size":32.694095611572269,"orthographic":false}