{"cameraMode":{"drawMode":0,"name":"Shaded","section":"Shading Mode"},"sceneLighting":true,"audioPlay":false,"sceneViewState":{"showFog":true,"showMaterialUpdate":false,"showSkybox":true,"showFlares":true,"showImageEffects":true,"showParticleSystems":true},"in2DMode":false,"pivot":{"x":162.85084533691407,"y":118.54241943359375,"z":3.694976806640625},"rotation":{"x":0.005097179673612118,"y":0.00898147001862526,"z":-0.00030182042974047363,"w":1.000062346458435},"size":262.9722900390625,"orthographic":false}