{"cameraMode":{"drawMode":0,"name":"Shaded","section":"Shading Mode"},"sceneLighting":true,"audioPlay":false,"sceneViewState":{"showFog":true,"showMaterialUpdate":false,"showSkybox":true,"showFlares":true,"showImageEffects":true,"showParticleSystems":true},"in2DMode":false,"pivot":{"x":550.7392578125,"y":303.9736328125,"z":-2.91815185546875},"rotation":{"x":0.03749224543571472,"y":-0.0006015365361236036,"z":0.000023949332899064757,"w":0.9993045330047607},"size":612.4176025390625,"orthographic":false}