{"cameraMode":{"drawMode":0,"name":"Shaded","section":"Shading Mode"},"sceneLighting":true,"audioPlay":false,"sceneViewState":{"showFog":true,"showMaterialUpdate":false,"showSkybox":false,"showFlares":true,"showImageEffects":true,"showParticleSystems":true},"in2DMode":false,"pivot":{"x":-54.65789031982422,"y":6.192062854766846,"z":-7.565618515014648},"rotation":{"x":0.07976343482732773,"y":0.9126514792442322,"z":-0.3382219970226288,"w":0.21524843573570252},"size":18.217666625976564,"orthographic":false}