{"cameraMode":{"drawMode":0,"name":"Shaded","section":"Shading Mode"},"sceneLighting":true,"audioPlay":false,"sceneViewState":{"showFog":true,"showMaterialUpdate":false,"showSkybox":true,"showFlares":true,"showImageEffects":true,"showParticleSystems":true},"in2DMode":false,"pivot":{"x":29.429780960083009,"y":-15.499761581420899,"z":-267.6239013671875},"rotation":{"x":-0.3019198775291443,"y":-0.10508690029382706,"z":0.03230072557926178,"w":-0.9473474025726318},"size":30.290002822875978,"orthographic":true}