{"cameraMode":{"drawMode":0,"name":"Shaded","section":"Shading Mode"},"sceneLighting":true,"audioPlay":false,"sceneViewState":{"showFog":true,"showMaterialUpdate":false,"showSkybox":false,"showFlares":true,"showImageEffects":true,"showParticleSystems":true},"in2DMode":false,"pivot":{"x":0.6959406733512878,"y":4.612001419067383,"z":-6.227672100067139},"rotation":{"x":0.25147610902786257,"y":0.205655038356781,"z":-0.055515121668577197,"w":0.9442269802093506},"size":22.0,"orthographic":false}