{"cameraMode":{"drawMode":0,"name":"Shaded","section":"Shading Mode"},"sceneLighting":true,"audioPlay":false,"sceneViewState":{"showFog":true,"showMaterialUpdate":false,"showSkybox":true,"showFlares":true,"showImageEffects":true,"showParticleSystems":true},"in2DMode":false,"pivot":{"x":-45.86509704589844,"y":4.104818820953369,"z":-1.1254444122314454},"rotation":{"x":-0.11752563714981079,"y":-0.29270997643470766,"z":0.03627803921699524,"w":-0.9482576847076416},"size":25.119970321655275,"orthographic":false}