{"cameraMode":{"drawMode":0,"name":"Shaded","section":"Shading Mode"},"sceneLighting":true,"audioPlay":false,"sceneViewState":{"showFog":true,"showMaterialUpdate":false,"showSkybox":true,"showFlares":true,"showImageEffects":true,"showParticleSystems":true},"in2DMode":false,"pivot":{"x":41.447566986083987,"y":33.62360763549805,"z":-318.717041015625},"rotation":{"x":0.28875964879989626,"y":-0.03598813712596893,"z":0.010592075996100903,"w":0.9567867517471314},"size":52.95867156982422,"orthographic":false}