{"cameraMode":{"drawMode":0,"name":"Shaded","section":"Shading Mode"},"sceneLighting":true,"audioPlay":false,"sceneViewState":{"showFog":true,"showMaterialUpdate":false,"showSkybox":true,"showFlares":true,"showImageEffects":true,"showParticleSystems":true},"in2DMode":false,"pivot":{"x":35.74336624145508,"y":8.32519817352295,"z":-18.837099075317384},"rotation":{"x":0.205082505941391,"y":-0.11131953448057175,"z":0.023430773988366128,"w":0.9721760749816895},"size":9.185380935668946,"orthographic":false}