{"cameraMode":{"drawMode":0,"name":"Shaded","section":"Shading Mode"},"sceneLighting":true,"audioPlay":false,"sceneViewState":{"showFog":true,"showMaterialUpdate":false,"showSkybox":true,"showFlares":true,"showImageEffects":true,"showParticleSystems":true},"in2DMode":false,"pivot":{"x":-38.32743835449219,"y":-5.088820457458496,"z":0.9413661956787109},"rotation":{"x":0.2587081491947174,"y":0.1470504254102707,"z":-0.04061466455459595,"w":0.9539271593093872},"size":30.753236770629884,"orthographic":false}