{"cameraMode":{"drawMode":0,"name":"Shaded","section":"Shading Mode"},"sceneLighting":true,"audioPlay":false,"sceneViewState":{"showFog":true,"showMaterialUpdate":false,"showSkybox":true,"showFlares":true,"showImageEffects":true,"showParticleSystems":true},"in2DMode":false,"pivot":{"x":6.8287272453308109,"y":2.1590116024017336,"z":-0.5473231673240662},"rotation":{"x":-0.159175306558609,"y":-0.10729191452264786,"z":0.017392851412296296,"w":-0.981285035610199},"size":11.271040916442871,"orthographic":false}